INSERT [AspNetRoles] ([Id], [Name], [NormalizedName], [ConcurrencyStamp]) VALUES (N'14967e0f-671a-43dc-be0b-5415265c8b83', N'CommitteeChairman', N'COMMITTEECHAIRMAN', NULL)
INSERT [AspNetRoles] ([Id], [Name], [NormalizedName], [ConcurrencyStamp]) VALUES (N'30f21b99-6b46-47ab-9043-e6b51602db83', N'Accountant', N'ACCOUNTANT', NULL)
INSERT [AspNetRoles] ([Id], [Name], [NormalizedName], [ConcurrencyStamp]) VALUES (N'7d3db303-72f2-492a-b89b-9f4b60878c3f', N'ScopeLeader', N'SCOPELEADER', NULL)
INSERT [AspNetRoles] ([Id], [Name], [NormalizedName], [ConcurrencyStamp]) VALUES (N'8df88724-614c-46f8-b1db-c9e5a60567fa', N'Resident', N'RESIDENT', NULL)
INSERT [AspNetRoles] ([Id], [Name], [NormalizedName], [ConcurrencyStamp]) VALUES (N'c3b72ac8-2b6b-44c8-b9e9-da830da5e2f9', N'Household', N'HOUSEHOLD', NULL)
INSERT [AspNetUsers] ([Id], [IsActivated], [Role], [FullName], [Scope], [Note], [UserName], [NormalizedUserName], [Email], [NormalizedEmail], [EmailConfirmed], [PasswordHash], [SecurityStamp], [ConcurrencyStamp], [PhoneNumber], [PhoneNumberConfirmed], [TwoFactorEnabled], [LockoutEnd], [LockoutEnabled], [AccessFailedCount]) VALUES (N'0318fb47-f9b3-49f9-b6c1-50ad03c348d4', 1, 4, N'Ông Linh Đẹp Trai', 2, NULL, N'household2_2', N'HOUSEHOLD2_2', NULL, NULL, 0, N'AQAAAAIAAYagAAAAEPWDosZxUzD4QvmLJPu6suQikSHWPjday8k1X9KeabI8Spkt1NcMsyuAFulxVtuWjw==', N'L7G7YUF3X7SQW5IYRI3PFAWT7TVXJANO', N'f90cc484-4e3a-4c80-b58c-645f4d27f5a4', NULL, 0, 0, NULL, 1, 0)
INSERT [AspNetUsers] ([Id], [IsActivated], [Role], [FullName], [Scope], [Note], [UserName], [NormalizedUserName], [Email], [NormalizedEmail], [EmailConfirmed], [PasswordHash], [SecurityStamp], [ConcurrencyStamp], [PhoneNumber], [PhoneNumberConfirmed], [TwoFactorEnabled], [LockoutEnd], [LockoutEnabled], [AccessFailedCount]) VALUES (N'083b59d7-1755-440a-9799-cb7a780d5d98', 1, 4, N'Ricardo Milos', 3, N'Best dancer', N'household3_2', N'HOUSEHOLD3_2', NULL, NULL, 0, N'AQAAAAIAAYagAAAAEGdS5jiO4jvWnHsrcsP8HyUeN/ImxeJmr01I1+TXFhiAtDBsJfey4Ydapm+xi807YQ==', N'CG3KA35OI3GQF3QGBBLPGML3QKRFDCTH', N'23fd689c-d90d-480e-b1b2-b42b79349917', NULL, 0, 0, NULL, 1, 0)
INSERT [AspNetUsers] ([Id], [IsActivated], [Role], [FullName], [Scope], [Note], [UserName], [NormalizedUserName], [Email], [NormalizedEmail], [EmailConfirmed], [PasswordHash], [SecurityStamp], [ConcurrencyStamp], [PhoneNumber], [PhoneNumberConfirmed], [TwoFactorEnabled], [LockoutEnd], [LockoutEnabled], [AccessFailedCount]) VALUES (N'125171b3-52da-4962-9080-3d413cc1407f', 1, 4, N'Ông Nguyễn Dăm Đức', 1, NULL, N'household_3', N'HOUSEHOLD_3', NULL, NULL, 0, N'AQAAAAIAAYagAAAAEFZp2qaP8sNTqJQrr4BUsAsdAYtMGVbBrWci5TjCpSMqXJ/3hzEyfi0htV5MYyy3rQ==', N'BSJVQFPGAFX43XAW2JHCO4ZLQSTBP7NH', N'6161d777-a4db-4529-8d98-35733202427c', NULL, 0, 0, NULL, 1, 0)
INSERT [AspNetUsers] ([Id], [IsActivated], [Role], [FullName], [Scope], [Note], [UserName], [NormalizedUserName], [Email], [NormalizedEmail], [EmailConfirmed], [PasswordHash], [SecurityStamp], [ConcurrencyStamp], [PhoneNumber], [PhoneNumberConfirmed], [TwoFactorEnabled], [LockoutEnd], [LockoutEnabled], [AccessFailedCount]) VALUES (N'15c0310e-1682-47d5-b18f-11d91fd11fad', 1, 4, N'Ông Trần Nguyên Nguyễn', 1, N':)) ((:', N'household_2', N'HOUSEHOLD_2', NULL, NULL, 0, N'AQAAAAIAAYagAAAAEMXdaFrc8Khm8IYh6tnTYZpyndWsSIPhgh9zOrBar5vrRSl0epyMKL4bT8dOxffFZA==', N'NPHU2I5MTWQ4XNM64P6WBTV6B4IE6PK7', N'b1474aa4-e939-44a6-a84c-0d366274415b', NULL, 0, 0, NULL, 1, 0)
INSERT [AspNetUsers] ([Id], [IsActivated], [Role], [FullName], [Scope], [Note], [UserName], [NormalizedUserName], [Email], [NormalizedEmail], [EmailConfirmed], [PasswordHash], [SecurityStamp], [ConcurrencyStamp], [PhoneNumber], [PhoneNumberConfirmed], [TwoFactorEnabled], [LockoutEnd], [LockoutEnabled], [AccessFailedCount]) VALUES (N'3802e93c-0447-4992-91d8-67d551bbb865', 1, 1, N'Chủ tịch xã Nguyễn Văn CƯờng', 1, NULL, N'admin', N'ADMIN', NULL, NULL, 0, N'AQAAAAIAAYagAAAAEE2Upmz4da8uElQIn707/62Oyu9Uj+CXNYi/X+wtfQmn2fVOqaG0FmFVM1bkANHL+w==', N'FPEJSIP76FORG2ZGATMS4YTYST2N2UZU', N'f55bc970-0aff-48ea-99df-644beea4c673', NULL, 0, 0, NULL, 1, 0)
INSERT [AspNetUsers] ([Id], [IsActivated], [Role], [FullName], [Scope], [Note], [UserName], [NormalizedUserName], [Email], [NormalizedEmail], [EmailConfirmed], [PasswordHash], [SecurityStamp], [ConcurrencyStamp], [PhoneNumber], [PhoneNumberConfirmed], [TwoFactorEnabled], [LockoutEnd], [LockoutEnabled], [AccessFailedCount]) VALUES (N'394f072c-0f12-45cb-aea1-f61e3b518747', 1, 4, N'Ông Lê Trí Dũng', 2, N':)) hello', N'household2', N'HOUSEHOLD2', NULL, NULL, 0, N'AQAAAAIAAYagAAAAEK7p9aWslPvFMvAjW59ouo8l7Sg6ZmtpgCi//9YfKrD6OWkseE3TnDH0C8IGFUaPBg==', N'I6QNITR2VJQQITIHCKBHJJISNQAGPTI4', N'316d8337-c671-4b86-b87e-58b06a17a556', NULL, 0, 0, NULL, 1, 0)
INSERT [AspNetUsers] ([Id], [IsActivated], [Role], [FullName], [Scope], [Note], [UserName], [NormalizedUserName], [Email], [NormalizedEmail], [EmailConfirmed], [PasswordHash], [SecurityStamp], [ConcurrencyStamp], [PhoneNumber], [PhoneNumberConfirmed], [TwoFactorEnabled], [LockoutEnd], [LockoutEnabled], [AccessFailedCount]) VALUES (N'41348f1f-b41c-4a14-9180-086eb59846f4', 1, 4, N'Nguyen Xa Beng', 1, N'This is a hello account', N'household_6', N'HOUSEHOLD_6', NULL, NULL, 0, N'AQAAAAIAAYagAAAAEJhO+0rzw3h3Q54I0TT25khIA/1U2j0bWxpxkPhfZLxqvV6ANVVVopKj0N1Q/6yhXw==', N'BWV2EXCDERUGY3OB3MOMJFLORRYMPWTK', N'123b5ef3-046d-4647-ba57-4db19a18c795', NULL, 0, 0, NULL, 1, 0)
INSERT [AspNetUsers] ([Id], [IsActivated], [Role], [FullName], [Scope], [Note], [UserName], [NormalizedUserName], [Email], [NormalizedEmail], [EmailConfirmed], [PasswordHash], [SecurityStamp], [ConcurrencyStamp], [PhoneNumber], [PhoneNumberConfirmed], [TwoFactorEnabled], [LockoutEnd], [LockoutEnabled], [AccessFailedCount]) VALUES (N'5c32932e-0c4f-44c2-b9f0-ab9cb999c691', 1, 4, N'Ông Nguyễn Duy Minh', 1, NULL, N'household', N'HOUSEHOLD', NULL, NULL, 0, N'AQAAAAIAAYagAAAAEOkHUC7li9lbYBzfIBiyXzDviENJKENlIqCMVmA8TSL+dY1kQEAF1FlLQ3fhKBfYfg==', N'CAOAH63URAYDS6DC2R22XDGMLCUBZOM4', N'd066bb4b-5111-43e7-9b77-f8242d2d2341', NULL, 0, 0, NULL, 1, 0)
INSERT [AspNetUsers] ([Id], [IsActivated], [Role], [FullName], [Scope], [Note], [UserName], [NormalizedUserName], [Email], [NormalizedEmail], [EmailConfirmed], [PasswordHash], [SecurityStamp], [ConcurrencyStamp], [PhoneNumber], [PhoneNumberConfirmed], [TwoFactorEnabled], [LockoutEnd], [LockoutEnabled], [AccessFailedCount]) VALUES (N'675f5c1b-20a0-44ca-8630-09a60d2bbaa6', 1, 3, N'Tổ trưởng tổ 1 Mai Đức Nam', 1, NULL, N'scopeleader', N'SCOPELEADER', NULL, NULL, 0, N'AQAAAAIAAYagAAAAED+le4KDVUyy/oMkaP2xBS5YBrUnF9Ebl013cTh+MCAsSiz+AsDamK+ufysAnaGM7A==', N'MVRXGN3KYR5SRK26WFTQBPRF5R7NCNHH', N'8ff6916f-124e-4852-a6a9-c1ab807d9805', NULL, 0, 0, NULL, 1, 0)
INSERT [AspNetUsers] ([Id], [IsActivated], [Role], [FullName], [Scope], [Note], [UserName], [NormalizedUserName], [Email], [NormalizedEmail], [EmailConfirmed], [PasswordHash], [SecurityStamp], [ConcurrencyStamp], [PhoneNumber], [PhoneNumberConfirmed], [TwoFactorEnabled], [LockoutEnd], [LockoutEnabled], [AccessFailedCount]) VALUES (N'7f64d41c-111c-4df0-bf53-7915461b51e3', 1, 2, N'Thư kí Bùi Xuân Lộc', 2, NULL, N'accountant', N'ACCOUNTANT', NULL, NULL, 0, N'AQAAAAIAAYagAAAAEHMpWhklQOoN+Mu+vb0e9gjZOQI28xUWpPom7ure+2+Gq7f3Sh4Vp87G/leWkz+Nnw==', N'D4V2OII2UK5JWD4QABW45KE3LTXFVPZF', N'a90c7858-641b-44bc-996d-4dbe6e8f936e', NULL, 0, 0, NULL, 1, 0)
INSERT [AspNetUsers] ([Id], [IsActivated], [Role], [FullName], [Scope], [Note], [UserName], [NormalizedUserName], [Email], [NormalizedEmail], [EmailConfirmed], [PasswordHash], [SecurityStamp], [ConcurrencyStamp], [PhoneNumber], [PhoneNumberConfirmed], [TwoFactorEnabled], [LockoutEnd], [LockoutEnabled], [AccessFailedCount]) VALUES (N'ac15549e-90b6-4e34-8670-2d6359a4debc', 1, 4, N'Bà Trần Thanh Thuý', 3, N'Goá phụ áo đỏ', N'household3', N'HOUSEHOLD3', NULL, NULL, 0, N'AQAAAAIAAYagAAAAEDwZpQsPJrb/vwdHDOLdE5mwvQ1QMOLNsuRuAsYELM3raWHcAmPMPE7cFB4p9F7sbQ==', N'34RKIDHLUA4CFCBDPNADNVBNQLT6RRYI', N'45076437-592c-444b-8031-496392dd04c8', NULL, 0, 0, NULL, 1, 0)
INSERT [AspNetUsers] ([Id], [IsActivated], [Role], [FullName], [Scope], [Note], [UserName], [NormalizedUserName], [Email], [NormalizedEmail], [EmailConfirmed], [PasswordHash], [SecurityStamp], [ConcurrencyStamp], [PhoneNumber], [PhoneNumberConfirmed], [TwoFactorEnabled], [LockoutEnd], [LockoutEnabled], [AccessFailedCount]) VALUES (N'b37d9fcf-d092-4569-876c-5316052c4f95', 1, 0, N'Nguyễn Thái Anh', 4, N'Kế toán dự phòng', N'accountant2', N'ACCOUNTANT2', NULL, NULL, 0, N'AQAAAAIAAYagAAAAEEi6emTKgtQXEgOYxG4hx6W223m9VuMcGKHEiUf71Q7DXxI5XaffeQDIh1u3hJpo5g==', N'H446VLY7KUTUK75RE3IYKL3XHTNHFWBY', N'81f9ebe9-97c1-498c-8f07-300694ad8ed0', NULL, 0, 0, NULL, 1, 0)
INSERT [AspNetUsers] ([Id], [IsActivated], [Role], [FullName], [Scope], [Note], [UserName], [NormalizedUserName], [Email], [NormalizedEmail], [EmailConfirmed], [PasswordHash], [SecurityStamp], [ConcurrencyStamp], [PhoneNumber], [PhoneNumberConfirmed], [TwoFactorEnabled], [LockoutEnd], [LockoutEnabled], [AccessFailedCount]) VALUES (N'be132ce5-403f-47d2-9599-50f916bf0163', 1, 3, N'Đậu Thu Thuỷ', 4, N'Tổ trưởng tổ 4', N'scopeleader4', N'SCOPELEADER4', NULL, NULL, 0, N'AQAAAAIAAYagAAAAEIXaEklnFM3VP3r2n9dWwX4eQnIbKQl6dMesGQslJ+JH8BXpmxictoD3YfAtChVYVw==', N'CY7XER6MJLVG4MEHL5CAFQ2BUDLRH6JK', N'd6e38714-fee5-4975-a563-5dc03229862c', NULL, 0, 0, NULL, 1, 0)
INSERT [AspNetUsers] ([Id], [IsActivated], [Role], [FullName], [Scope], [Note], [UserName], [NormalizedUserName], [Email], [NormalizedEmail], [EmailConfirmed], [PasswordHash], [SecurityStamp], [ConcurrencyStamp], [PhoneNumber], [PhoneNumberConfirmed], [TwoFactorEnabled], [LockoutEnd], [LockoutEnabled], [AccessFailedCount]) VALUES (N'd38cb583-294a-472f-b2ba-8bb11ca53ba3', 1, 4, N'Nguyen Xa Cu', 1, N'This is a test account', N'household_5', N'HOUSEHOLD_5', NULL, NULL, 0, N'AQAAAAIAAYagAAAAENQ92NRFEJdXTQoLtDFRJxux2jyYC43ysE3Z8/b3WJ34M7EhKi9LXNf6tZTmogqULQ==', N'G7CFLITCHTCDWC2QEVL7SKVT63DBXWBG', N'b8df4ecd-3015-49d5-ba36-eba3e60b47d1', NULL, 0, 0, NULL, 1, 0)
INSERT [AspNetUsers] ([Id], [IsActivated], [Role], [FullName], [Scope], [Note], [UserName], [NormalizedUserName], [Email], [NormalizedEmail], [EmailConfirmed], [PasswordHash], [SecurityStamp], [ConcurrencyStamp], [PhoneNumber], [PhoneNumberConfirmed], [TwoFactorEnabled], [LockoutEnd], [LockoutEnabled], [AccessFailedCount]) VALUES (N'd58cc2c9-11cc-4de1-ae77-36498f579844', 1, 4, N'Bà Nguyễn Ngọc Hân', 1, N'haha lmao', N'household_4', N'HOUSEHOLD_4', NULL, NULL, 0, N'AQAAAAIAAYagAAAAEIJc79y0O39OaRj45gvajPtMexf/35KlyWJqhmFCZj6Mzad5inYjlndqdbCU+OQmUA==', N'63SNPDE57ADOHTGTB7BLKTZUYYPHMRMW', N'43be4496-d75b-4c01-a3f6-4bdb3269ea00', NULL, 0, 0, NULL, 1, 0)
INSERT [AspNetUsers] ([Id], [IsActivated], [Role], [FullName], [Scope], [Note], [UserName], [NormalizedUserName], [Email], [NormalizedEmail], [EmailConfirmed], [PasswordHash], [SecurityStamp], [ConcurrencyStamp], [PhoneNumber], [PhoneNumberConfirmed], [TwoFactorEnabled], [LockoutEnd], [LockoutEnabled], [AccessFailedCount]) VALUES (N'd6ae4a5e-c6a8-4375-ba85-11d827ac385c', 1, 2, N'Nguyễn Thái Anh', 4, N'xxxcxfcvdsfdf', N'accountant3', N'ACCOUNTANT3', NULL, NULL, 0, N'AQAAAAIAAYagAAAAEKavJiaNPyGk1XbFpgwV58uoRrg93IGxELO5iP45f6Ual1+Z+ii94Z4yDHz74VwYDw==', N'MXHUAY55QWMKOMCJFHMARCK6RWTX5JCN', N'1cca9a85-21ca-4247-8cdf-fda2c97b48dc', NULL, 0, 0, NULL, 1, 0)
INSERT [AspNetUsers] ([Id], [IsActivated], [Role], [FullName], [Scope], [Note], [UserName], [NormalizedUserName], [Email], [NormalizedEmail], [EmailConfirmed], [PasswordHash], [SecurityStamp], [ConcurrencyStamp], [PhoneNumber], [PhoneNumberConfirmed], [TwoFactorEnabled], [LockoutEnd], [LockoutEnabled], [AccessFailedCount]) VALUES (N'deea2446-d5f3-4aa4-9a7e-f9150fd07a74', 1, 0, N'Đặng Trường Giang', 2, N'Tổ trưởng tổ 2', N'scopeleader2', N'SCOPELEADER2', NULL, NULL, 0, N'AQAAAAIAAYagAAAAELbmMnl6Qr+4X1Cb/nvYw2HKFn35Ez1zTRhOJPzmvgAN2pLAQ8iC/htT7KP58jJLVw==', N'SUSDDQOUX6NA236VRHWDO3ITW57GJK65', N'77a43d31-2629-4385-bd79-e90a2d519206', NULL, 0, 0, NULL, 1, 0)
INSERT [AspNetUsers] ([Id], [IsActivated], [Role], [FullName], [Scope], [Note], [UserName], [NormalizedUserName], [Email], [NormalizedEmail], [EmailConfirmed], [PasswordHash], [SecurityStamp], [ConcurrencyStamp], [PhoneNumber], [PhoneNumberConfirmed], [TwoFactorEnabled], [LockoutEnd], [LockoutEnabled], [AccessFailedCount]) VALUES (N'e3d796fd-3ec0-4e77-b363-91a6568dd477', 1, 3, N'Đặng Trường Giang', 3, N'jsbadifuhklsadjfu', N'scopeleader3', N'SCOPELEADER3', NULL, NULL, 0, N'AQAAAAIAAYagAAAAEAcq5oi4tHDVMmi6BfJGrZusEF23h/wtdL8WvwvigNRFuWQPblBkRl7ha+E24zk+xw==', N'IEMXGZO7WJSFYMKPFZFAGTXBHSY7M2FY', N'4a040a0d-47c5-40b0-85dd-b5be3290fbd3', NULL, 0, 0, NULL, 1, 0)

INSERT [AspNetUserRoles] ([UserId], [RoleId]) VALUES (N'3802e93c-0447-4992-91d8-67d551bbb865', N'14967e0f-671a-43dc-be0b-5415265c8b83')
INSERT [AspNetUserRoles] ([UserId], [RoleId]) VALUES (N'7f64d41c-111c-4df0-bf53-7915461b51e3', N'30f21b99-6b46-47ab-9043-e6b51602db83')
INSERT [AspNetUserRoles] ([UserId], [RoleId]) VALUES (N'd6ae4a5e-c6a8-4375-ba85-11d827ac385c', N'30f21b99-6b46-47ab-9043-e6b51602db83')
INSERT [AspNetUserRoles] ([UserId], [RoleId]) VALUES (N'675f5c1b-20a0-44ca-8630-09a60d2bbaa6', N'7d3db303-72f2-492a-b89b-9f4b60878c3f')
INSERT [AspNetUserRoles] ([UserId], [RoleId]) VALUES (N'be132ce5-403f-47d2-9599-50f916bf0163', N'7d3db303-72f2-492a-b89b-9f4b60878c3f')
INSERT [AspNetUserRoles] ([UserId], [RoleId]) VALUES (N'e3d796fd-3ec0-4e77-b363-91a6568dd477', N'7d3db303-72f2-492a-b89b-9f4b60878c3f')
INSERT [AspNetUserRoles] ([UserId], [RoleId]) VALUES (N'0318fb47-f9b3-49f9-b6c1-50ad03c348d4', N'c3b72ac8-2b6b-44c8-b9e9-da830da5e2f9')
INSERT [AspNetUserRoles] ([UserId], [RoleId]) VALUES (N'083b59d7-1755-440a-9799-cb7a780d5d98', N'c3b72ac8-2b6b-44c8-b9e9-da830da5e2f9')
INSERT [AspNetUserRoles] ([UserId], [RoleId]) VALUES (N'125171b3-52da-4962-9080-3d413cc1407f', N'c3b72ac8-2b6b-44c8-b9e9-da830da5e2f9')
INSERT [AspNetUserRoles] ([UserId], [RoleId]) VALUES (N'138c7b5d-0278-40f8-8bdc-f0a5e3622b20', N'c3b72ac8-2b6b-44c8-b9e9-da830da5e2f9')
INSERT [AspNetUserRoles] ([UserId], [RoleId]) VALUES (N'15c0310e-1682-47d5-b18f-11d91fd11fad', N'c3b72ac8-2b6b-44c8-b9e9-da830da5e2f9')
INSERT [AspNetUserRoles] ([UserId], [RoleId]) VALUES (N'1685212a-fd74-4406-8983-dfc50be5f210', N'c3b72ac8-2b6b-44c8-b9e9-da830da5e2f9')
INSERT [AspNetUserRoles] ([UserId], [RoleId]) VALUES (N'394f072c-0f12-45cb-aea1-f61e3b518747', N'c3b72ac8-2b6b-44c8-b9e9-da830da5e2f9')
INSERT [AspNetUserRoles] ([UserId], [RoleId]) VALUES (N'41348f1f-b41c-4a14-9180-086eb59846f4', N'c3b72ac8-2b6b-44c8-b9e9-da830da5e2f9')
INSERT [AspNetUserRoles] ([UserId], [RoleId]) VALUES (N'5c32932e-0c4f-44c2-b9f0-ab9cb999c691', N'c3b72ac8-2b6b-44c8-b9e9-da830da5e2f9')
INSERT [AspNetUserRoles] ([UserId], [RoleId]) VALUES (N'ac15549e-90b6-4e34-8670-2d6359a4debc', N'c3b72ac8-2b6b-44c8-b9e9-da830da5e2f9')
INSERT [AspNetUserRoles] ([UserId], [RoleId]) VALUES (N'd31412b2-b9b7-4447-afe9-592602001293', N'c3b72ac8-2b6b-44c8-b9e9-da830da5e2f9')
INSERT [AspNetUserRoles] ([UserId], [RoleId]) VALUES (N'd38cb583-294a-472f-b2ba-8bb11ca53ba3', N'c3b72ac8-2b6b-44c8-b9e9-da830da5e2f9')
INSERT [AspNetUserRoles] ([UserId], [RoleId]) VALUES (N'd48c607c-d589-4b9d-8a32-b547df6d92c7', N'c3b72ac8-2b6b-44c8-b9e9-da830da5e2f9')
INSERT [AspNetUserRoles] ([UserId], [RoleId]) VALUES (N'd58cc2c9-11cc-4de1-ae77-36498f579844', N'c3b72ac8-2b6b-44c8-b9e9-da830da5e2f9')
